Image, Count
ara2013_plant137_rgb.png, 8
ara2013_plant127_rgb.png, 8
ara2012_plant018_rgb.png, 14
ara2012_plant008_rgb.png, 16
ara2013_plant094_rgb.png, 8
ara2013_plant084_rgb.png, 8
ara2012_plant102_rgb.png, 20
tobacco_plant006_rgb.png, 10
ara2012_plant112_rgb.png, 18
tobacco_plant016_rgb.png, 6
ara2013_plant155_rgb.png, 11
ara2013_plant145_rgb.png, 10
ara2012_plant027_rgb.png, 22
ara2012_plant037_rgb.png, 15
ara2013_plant070_rgb.png, 7
ara2013_plant108_rgb.png, 7
ara2013_plant060_rgb.png, 7
ara2013_plant118_rgb.png, 9
ara2013_plant012_rgb.png, 8
ara2013_plant002_rgb.png, 8
tobacco_plant039_rgb.png, 4
ara2012_plant045_rgb.png, 14
tobacco_plant029_rgb.png, 4
ara2012_plant055_rgb.png, 17
ara2012_plant063_rgb.png, 15
ara2012_plant073_rgb.png, 17
ara2013_plant034_rgb.png, 6
ara2013_plant024_rgb.png, 7
ara2013_plant056_rgb.png, 7
ara2013_plant046_rgb.png, 9
ara2012_plant001_rgb.png, 15
ara2012_plant011_rgb.png, 13
ara2013_plant163_rgb.png, 11
tobacco_plant020_rgb.png, 8
tobacco_plant030_rgb.png, 6
ara2012_plant087_rgb.png, 16
ara2012_plant097_rgb.png, 13
tobacco_plant042_rgb.png, 0
tobacco_plant052_rgb.png, 5
ara2013_plant069_rgb.png, 10
ara2013_plant111_rgb.png, 9
ara2013_plant079_rgb.png, 11
ara2013_plant101_rgb.png, 8
ara2012_plant072_rgb.png, 13
ara2012_plant062_rgb.png, 13
ara2013_plant025_rgb.png, 6
ara2013_plant035_rgb.png, 9
ara2013_plant047_rgb.png, 7
ara2013_plant057_rgb.png, 7
ara2012_plant010_rgb.png, 11
ara2013_plant162_rgb.png, 11
tobacco_plant031_rgb.png, 6
tobacco_plant021_rgb.png, 2
tobacco_plant053_rgb.png, 8
tobacco_plant043_rgb.png, 3
ara2013_plant100_rgb.png, 9
ara2013_plant078_rgb.png, 7
ara2013_plant110_rgb.png, 10
ara2013_plant068_rgb.png, 8
ara2012_plant096_rgb.png, 15
ara2012_plant086_rgb.png, 17
ara2013_plant126_rgb.png, 9
ara2013_plant136_rgb.png, 10
ara2012_plant009_rgb.png, 11
ara2012_plant019_rgb.png, 15
tobacco_plant017_rgb.png, 5
ara2012_plant113_rgb.png, 14
tobacco_plant007_rgb.png, 3
ara2012_plant103_rgb.png, 15
ara2013_plant144_rgb.png, 11
ara2013_plant154_rgb.png, 11
ara2013_plant085_rgb.png, 8
ara2013_plant095_rgb.png, 9
ara2012_plant036_rgb.png, 14
ara2012_plant026_rgb.png, 19
ara2013_plant119_rgb.png, 6
ara2013_plant061_rgb.png, 8
ara2013_plant109_rgb.png, 10
ara2013_plant071_rgb.png, 9
ara2013_plant003_rgb.png, 7
ara2013_plant013_rgb.png, 8
ara2012_plant054_rgb.png, 18
tobacco_plant028_rgb.png, 3
ara2012_plant044_rgb.png, 14
tobacco_plant038_rgb.png, 5
ara2012_plant002_rgb.png, 11
ara2012_plant012_rgb.png, 12
ara2013_plant055_rgb.png, 7
ara2013_plant045_rgb.png, 7
ara2013_plant037_rgb.png, 8
ara2013_plant027_rgb.png, 6
ara2012_plant060_rgb.png, 17
ara2012_plant118_rgb.png, 18
ara2012_plant070_rgb.png, 18
ara2012_plant108_rgb.png, 15
ara2013_plant112_rgb.png, 12
ara2013_plant102_rgb.png, 6
tobacco_plant041_rgb.png, 12
tobacco_plant051_rgb.png, 2
ara2012_plant084_rgb.png, 16
ara2012_plant094_rgb.png, 14
tobacco_plant023_rgb.png, 3
tobacco_plant033_rgb.png, 13
ara2013_plant008_rgb.png, 9
ara2013_plant160_rgb.png, 11
ara2013_plant018_rgb.png, 5
ara2013_plant156_rgb.png, 10
ara2013_plant146_rgb.png, 13
tobacco_plant005_rgb.png, 7
ara2012_plant079_rgb.png, 14
ara2012_plant101_rgb.png, 18
tobacco_plant015_rgb.png, 4
ara2012_plant069_rgb.png, 18
ara2012_plant111_rgb.png, 15
ara2013_plant097_rgb.png, 10
ara2013_plant087_rgb.png, 10
ara2013_plant134_rgb.png, 11
ara2013_plant124_rgb.png, 8
ara2012_plant046_rgb.png, 14
ara2012_plant056_rgb.png, 14
ara2013_plant011_rgb.png, 6
ara2013_plant001_rgb.png, 7
ara2013_plant073_rgb.png, 8
ara2013_plant063_rgb.png, 9
ara2012_plant024_rgb.png, 15
tobacco_plant058_rgb.png, 5
ara2012_plant034_rgb.png, 16
tobacco_plant048_rgb.png, 10
ara2013_plant086_rgb.png, 9
ara2013_plant096_rgb.png, 11
ara2013_plant147_rgb.png, 11
ara2013_plant157_rgb.png, 10
ara2012_plant110_rgb.png, 13
ara2012_plant068_rgb.png, 16
tobacco_plant014_rgb.png, 3
ara2012_plant100_rgb.png, 16
ara2012_plant078_rgb.png, 16
tobacco_plant004_rgb.png, 6
ara2013_plant125_rgb.png, 8
ara2013_plant135_rgb.png, 8
ara2012_plant057_rgb.png, 14
ara2012_plant047_rgb.png, 15
ara2013_plant010_rgb.png, 6
ara2013_plant062_rgb.png, 6
ara2013_plant072_rgb.png, 11
tobacco_plant049_rgb.png, 12
ara2012_plant035_rgb.png, 16
tobacco_plant059_rgb.png, 6
ara2012_plant025_rgb.png, 13
ara2012_plant013_rgb.png, 15
ara2012_plant003_rgb.png, 13
ara2013_plant044_rgb.png, 7
ara2013_plant054_rgb.png, 9
ara2013_plant026_rgb.png, 7
ara2013_plant036_rgb.png, 6
ara2012_plant109_rgb.png, 18
ara2012_plant071_rgb.png, 13
ara2012_plant119_rgb.png, 17
ara2012_plant061_rgb.png, 16
ara2012_plant095_rgb.png, 18
ara2012_plant085_rgb.png, 17
ara2013_plant103_rgb.png, 10
ara2013_plant113_rgb.png, 9
tobacco_plant050_rgb.png, 0
tobacco_plant040_rgb.png, 9
tobacco_plant032_rgb.png, 9
tobacco_plant022_rgb.png, 2
ara2013_plant019_rgb.png, 10
ara2013_plant161_rgb.png, 10
ara2013_plant009_rgb.png, 7
ara2012_plant080_rgb.png, 13
ara2012_plant090_rgb.png, 12
ara2012_plant039_rgb.png, 21
tobacco_plant045_rgb.png, 5
ara2012_plant029_rgb.png, 14
tobacco_plant055_rgb.png, 1
ara2013_plant116_rgb.png, 7
ara2013_plant106_rgb.png, 11
ara2013_plant164_rgb.png, 9
tobacco_plant027_rgb.png, 7
tobacco_plant037_rgb.png, 5
ara2013_plant051_rgb.png, 8
ara2013_plant129_rgb.png, 10
ara2013_plant041_rgb.png, 7
ara2013_plant139_rgb.png, 11
ara2012_plant006_rgb.png, 13
ara2012_plant016_rgb.png, 13
tobacco_plant018_rgb.png, 5
ara2012_plant064_rgb.png, 15
tobacco_plant008_rgb.png, 5
ara2012_plant074_rgb.png, 15
ara2013_plant033_rgb.png, 7
ara2013_plant023_rgb.png, 6
ara2013_plant015_rgb.png, 6
ara2013_plant005_rgb.png, 6
ara2012_plant042_rgb.png, 14
ara2012_plant052_rgb.png, 19
ara2012_plant099_rgb.png, 15
ara2012_plant089_rgb.png, 12
ara2012_plant020_rgb.png, 14
ara2012_plant030_rgb.png, 12
ara2013_plant077_rgb.png, 7
ara2013_plant067_rgb.png, 7
ara2013_plant093_rgb.png, 8
ara2013_plant083_rgb.png, 10
ara2012_plant105_rgb.png, 13
tobacco_plant001_rgb.png, 3
ara2012_plant115_rgb.png, 18
tobacco_plant011_rgb.png, 8
ara2013_plant152_rgb.png, 10
ara2013_plant142_rgb.png, 11
ara2013_plant048_rgb.png, 7
ara2013_plant130_rgb.png, 10
ara2013_plant058_rgb.png, 6
ara2013_plant120_rgb.png, 10
ara2013_plant004_rgb.png, 7
ara2013_plant014_rgb.png, 8
ara2012_plant053_rgb.png, 15
ara2012_plant043_rgb.png, 14
ara2012_plant031_rgb.png, 17
ara2012_plant021_rgb.png, 18
ara2013_plant066_rgb.png, 10
ara2013_plant076_rgb.png, 8
ara2012_plant088_rgb.png, 16
ara2012_plant098_rgb.png, 16
tobacco_plant010_rgb.png, 8
ara2012_plant114_rgb.png, 16
ara2012_plant104_rgb.png, 12
ara2013_plant143_rgb.png, 6
ara2013_plant153_rgb.png, 6
ara2013_plant082_rgb.png, 7
ara2013_plant092_rgb.png, 8
ara2013_plant121_rgb.png, 9
ara2013_plant059_rgb.png, 10
ara2013_plant131_rgb.png, 10
ara2013_plant049_rgb.png, 12
tobacco_plant062_rgb.png, 9
tobacco_plant054_rgb.png, 8
ara2012_plant028_rgb.png, 14
tobacco_plant044_rgb.png, 4
ara2012_plant038_rgb.png, 14
ara2013_plant107_rgb.png, 10
ara2013_plant117_rgb.png, 9
ara2012_plant091_rgb.png, 13
ara2012_plant081_rgb.png, 15
ara2013_plant165_rgb.png, 11
tobacco_plant036_rgb.png, 5
tobacco_plant026_rgb.png, 8
ara2013_plant138_rgb.png, 8
ara2013_plant040_rgb.png, 8
ara2013_plant128_rgb.png, 10
ara2013_plant050_rgb.png, 7
ara2012_plant017_rgb.png, 17
ara2012_plant007_rgb.png, 12
ara2012_plant075_rgb.png, 23
tobacco_plant009_rgb.png, 6
ara2012_plant065_rgb.png, 14
tobacco_plant019_rgb.png, 5
ara2013_plant022_rgb.png, 7
ara2013_plant032_rgb.png, 8
ara2013_plant074_rgb.png, 9
ara2013_plant064_rgb.png, 9
ara2012_plant023_rgb.png, 16
ara2012_plant033_rgb.png, 15
ara2012_plant041_rgb.png, 14
ara2012_plant051_rgb.png, 14
ara2013_plant016_rgb.png, 8
ara2013_plant006_rgb.png, 7
tobacco_plant060_rgb.png, 8
ara2013_plant133_rgb.png, 7
ara2013_plant123_rgb.png, 12
ara2013_plant151_rgb.png, 11
ara2013_plant029_rgb.png, 5
ara2013_plant141_rgb.png, 9
ara2013_plant039_rgb.png, 8
tobacco_plant002_rgb.png, 5
ara2012_plant106_rgb.png, 11
tobacco_plant012_rgb.png, 9
ara2012_plant116_rgb.png, 20
ara2013_plant090_rgb.png, 8
ara2013_plant080_rgb.png, 7
tobacco_plant024_rgb.png, 6
ara2012_plant058_rgb.png, 12
ara2012_plant120_rgb.png, 18
tobacco_plant034_rgb.png, 18
ara2012_plant048_rgb.png, 15
ara2013_plant115_rgb.png, 11
ara2013_plant105_rgb.png, 8
tobacco_plant046_rgb.png, 7
tobacco_plant056_rgb.png, 2
ara2012_plant083_rgb.png, 16
ara2012_plant093_rgb.png, 14
ara2013_plant148_rgb.png, 10
ara2013_plant030_rgb.png, 6
ara2013_plant158_rgb.png, 11
ara2013_plant020_rgb.png, 6
ara2012_plant067_rgb.png, 18
ara2012_plant077_rgb.png, 13
ara2013_plant089_rgb.png, 8
ara2013_plant099_rgb.png, 11
ara2012_plant005_rgb.png, 11
ara2012_plant015_rgb.png, 16
ara2013_plant052_rgb.png, 9
ara2013_plant042_rgb.png, 8
ara2012_plant049_rgb.png, 13
tobacco_plant035_rgb.png, 2
ara2012_plant059_rgb.png, 16
tobacco_plant025_rgb.png, 4
ara2012_plant092_rgb.png, 21
ara2012_plant082_rgb.png, 14
ara2013_plant104_rgb.png, 9
ara2013_plant114_rgb.png, 12
tobacco_plant057_rgb.png, 4
tobacco_plant047_rgb.png, 6
ara2013_plant098_rgb.png, 8
ara2013_plant088_rgb.png, 9
ara2013_plant021_rgb.png, 8
ara2013_plant159_rgb.png, 11
ara2013_plant031_rgb.png, 6
ara2013_plant149_rgb.png, 9
ara2012_plant076_rgb.png, 15
ara2012_plant066_rgb.png, 15
ara2012_plant014_rgb.png, 16
ara2012_plant004_rgb.png, 12
ara2013_plant043_rgb.png, 7
ara2013_plant053_rgb.png, 8
ara2013_plant065_rgb.png, 8
ara2013_plant075_rgb.png, 10
ara2012_plant032_rgb.png, 17
ara2012_plant022_rgb.png, 12
ara2012_plant050_rgb.png, 15
ara2012_plant040_rgb.png, 14
ara2013_plant007_rgb.png, 6
ara2013_plant017_rgb.png, 6
tobacco_plant061_rgb.png, 8
ara2013_plant122_rgb.png, 8
ara2013_plant132_rgb.png, 11
ara2013_plant081_rgb.png, 10
ara2013_plant091_rgb.png, 10
ara2013_plant038_rgb.png, 8
ara2013_plant140_rgb.png, 12
ara2013_plant028_rgb.png, 9
ara2013_plant150_rgb.png, 11
ara2012_plant117_rgb.png, 20
tobacco_plant013_rgb.png, 2
ara2012_plant107_rgb.png, 22
tobacco_plant003_rgb.png, 6
